epoch,cer
0,1358.21887
1,100.0
2,100.0
3,100.0
4,100.0
5,100.0
6,100.0
7,100.0
8,100.0
9,99.82278
10,96.16748
11,89.2335
12,82.27736
13,81.19185
14,71.31148
15,68.14355
16,67.27957
17,63.38059
18,50.86398
19,39.16703
20,36.17634
21,35.33451
22,32.43243
23,30.35002
24,30.35002
25,28.04608
26,26.49535
27,26.49535
28,25.60922
29,25.29907
30,25.29907
31,23.59327
32,23.59327
33,23.03943
34,23.03943
35,22.77359
36,22.77359
37,21.79885
38,21.75454
39,21.62162
40,21.62162
