epoch,cer
0,1334.31543
1,100.0
2,100.0
3,100.0
4,100.0
5,100.0
6,100.0
7,99.04741
8,91.6039
9,86.95171
10,81.19185
11,81.19185
12,81.19185
13,71.4444
14,66.88081
15,51.55073
16,45.3035
17,37.9486
18,37.284
19,34.18254
20,31.12539
21,28.42269
22,28.00177
23,28.00177
24,26.1409
25,26.1409
26,25.78644
27,24.45724
28,23.54896
29,23.10589
30,23.10589
31,21.57731
32,21.57731
33,21.11209
34,20.60257
35,20.60257
36,19.84936
37,19.64998
38,18.76385
39,18.76385
40,18.76385
